{"is_ad": 0.6274948120117188, "is_relevant": 0.0010566838318482041, "is_rant": 0.23231014609336853, "is_legit": 0.08021324872970581}